"State","year","wind_capacity","solar_capacity","Population","real_gdp","is_corporate","is_public","gb","is_rps","real_gdp_per_capita","wind_capacity_per_capita","solar_capacity_per_capita"
"AL",2010,0,0,4788095,1.99455e+11,0,0,0,0,41656.4416537266,0,0
"AL",2011,0,0,4812576,201372800000,0,0,0,0,41843.0379073494,0,0
"AL",2012,0,0,4839947,203675500000,0,0,0,0,42082.1756932462,0,0
"AL",2013,0,0,4865253,206962900000,0,0,0,0,42538.9799872689,0,0
"AL",2014,0,0,4887757,2.0607e+11,0,0,0,0,42160.4429189094,0,0
"AL",2015,0,0,4909177,208950300000,0,0,0,0,42563.2035675226,0,0
"AL",2016,0,75,4931579,212862800000,0,0,0,0,43163.2140537544,0,1.52081108302229e-05
"AL",2017,0,182.2,4953096,216615500000,0,0,0,0,43733.3538457563,0,3.67850734167074e-05
"AL",2018,0,196.9,4977088,220808800000,0,0,0,0,44365.0584438129,0,3.95612856352952e-05
"AL",2019,0,196.9,5003778,225272800000,0,0,0,0,45020.5424781035,0,3.93502669383014e-05
"AL",2020,0,196.9,5033094,223025500000,0,0,0,0,44311.8089986001,0,3.91210654917234e-05
"AL",2021,0,423.9,5049196,233951100000,0,0,0,0,46334.3272869582,0,8.39539601948508e-05
"AL",2022,0,423.9,5076181,239846600000,1,0,1,0,47249.4184112032,0,8.35076605818429e-05
"AL",2023,0,603.9,5117673,248313700000,1,0,1,0,48520.8218657191,0,0.000118002850123484
"AL",2024,0,666.3,5157699,255629400000,1,0,1,0,49562.682894058,0,0.000129185514703359
"AR",2010,0,0,2921546,113000900000,0,0,0,0,38678.4599660591,0,0
"AR",2011,0,0,2938773,115241800000,0,0,0,0,39214.2571066224,0,0
"AR",2012,0,0,2948793,116616200000,0,0,0,0,39547.0960491293,0,0
"AR",2013,0,0,2954563,119842800000,0,0,0,0,40561.9375860322,0,0
"AR",2014,0,0,2961050,121409400000,0,0,0,0,41002.144509549,0,0
"AR",2015,0,12,2970210,121532500000,0,0,0,0,40917.1405388845,0,4.0401183754684e-06
"AR",2016,0,13,2980475,123034900000,0,0,0,0,41280.2992811548,0,4.36172086664038e-06
"AR",2017,0,19,2990702,123882600000,0,0,0,0,41422.5823903552,0,6.35302347074366e-06
"AR",2018,0,100,2997195,126371200000,0,0,0,0,42163.155884085,0,3.33645291681055e-05
"AR",2019,0,112.2,3004206,1.2722e+11,0,0,0,0,42347.2957580139,0,3.73476386106678e-05
"AR",2020,0,213.7,3014546,128395600000,0,1,1,0,42592.0188313597,0,7.08896132286586e-05
"AR",2021,0,223.7,3026870,137634800000,1,1,1,0,45470.9980937404,0,7.39047266648386e-05
"AR",2022,0,329.7,3047704,1.38672e+11,1,1,1,0,45500.4816740733,0,0.000108179796988159
"AR",2023,0,820.9,3069463,1.41968e+11,1,1,1,0,46251.7384962777,0,0.000267440917189749
"AR",2024,0,1793.7,3088354,147389900000,1,1,1,0,47724.4188975746,0,0.000580794818210607
"AZ",2010,128.1,0,6401304,282252500000,0,0,0,1,44092.9691825291,2.00115476471669e-05,0
"AZ",2011,138.1,188.874247491639,6443158,290411300000,0,0,0,1,45072.8198811825,2.14335889326321e-05,2.93139245524693e-05
"AZ",2012,237.3,741.866889632107,6501800,297077300000,0,0,0,1,45691.5469562275,3.64975852840752e-05,0.000114101770222416
"AZ",2013,237.3,1164.4,6555926,298859900000,0,0,0,1,45586.222297201,3.61962596893254e-05,0.000177610302495788
"AZ",2014,237.3,1402.6,6629890,301721200000,0,0,0,1,45509.2316765437,3.57924490451576e-05,0.0002115570544911
"AZ",2015,267.3,1515.6,6705607,308582800000,0,0,0,1,46018.6229225781,3.98621631121538e-05,0.000226019807006286
"AZ",2016,267.3,1889.5,6793278,319008400000,0,0,0,1,46959.4207685892,3.93477199078265e-05,0.000278142599198796
"AZ",2017,267.3,2058.6,6872380,3.33099e+11,0,0,0,1,48469.2348211246,3.88948224632515e-05,0.000299546881866253
"AZ",2018,267.3,2067.3,6964300,346398300000,0,0,0,1,49739.1410479158,3.8381459730339e-05,0.00029684246801545
"AZ",2019,267.3,2158,7067695,359576700000,0,0,0,1,50876.0918517282,3.78199681791588e-05,0.00030533292678872
"AZ",2020,617.3,2411.9,7187135,3.66588e+11,1,0,1,1,51006.1380508367,8.58895790881902e-05,0.000335585737571369
"AZ",2021,617.3,2810.8,7274078,396457500000,1,0,1,1,54502.7837204935,8.48629888214011e-05,0.000386413233402226
"AZ",2022,617.3,3026.8,7377566,413798800000,1,0,1,1,56088.7967657626,8.36725825292515e-05,0.000410270812894117
"AZ",2023,855.5,3935.5,7473027,4.27644e+11,1,1,1,1,57225.0040044014,0.000114478376700633,0.000526627295739732
"AZ",2024,1234.5,5336.5,7582384,446968200000,1,1,1,1,58948.2410809054,0.000162811590655393,0.000703802392492915
"CA",2010,2051.38665363332,0,37322523,2153852800000,0,0,0,1,57709.1961333911,5.49637722410491e-05,0
"CA",2011,3268.57183878581,317.3493496557,37651212,2192887200000,0,0,0,1,58242.1410498021,8.68118624915927e-05,8.42866226074475e-06
"CA",2012,5283.59172185204,983.262739097169,37971412,2255437300000,0,0,0,1,59398.2994364286,0.000139146569578504,2.58948163185812e-05
"CA",2013,5617.8,3399.8,38292557,2340335300000,0,0,0,1,61117.2374829918,0.000146707361433189,8.87848779594426e-05
"CA",2014,5832.8,5829.2,38637421,2428675700000,0,1,1,1,62858.1214051528,0.000150962456836858,0.000150869282916166
"CA",2015,5740.7,7056.9,38966939,2545979500000,0,1,1,1,65336.9129148174,0.000147322323675462,0.000181099675291405
"CA",2016,5670.7,9861.7,39223789,2623711700000,1,1,1,1,66890.8274006879,0.000144572978403489,0.000251421401435746
"CA",2017,5871.8,10760,39424315,2740550300000,1,1,1,1,69514.2147682211,0.000148938542115443,0.000272928014094855
"CA",2018,6077.8,11837.6,39535920,2850970300000,1,1,1,1,72110.888022841,0.000153728558738484,0.000299413798894777
"CA",2019,6162.6,12795.4,39547995,2.969609e+12,1,1,1,1,75088.7371154973,0.000155825851601326,0.000323541054356864
"CA",2020,5970.6,14473.4,39521958,2930654600000,1,1,1,1,74152.5660241833,0.000151070450507538,0.000366211613301143
"CA",2021,6198.9,15580.6,39142565,3151112500000,1,1,1,1,80503.4749255702,0.000158367240368637,0.000398047496376387
"CA",2022,6176,17691.6,39142414,3147211400000,1,1,1,1,80404.1212174599,0.000157782808183471,0.000451980299426602
"CA",2023,6314.6,19939.8,39198693,3204016400000,1,1,1,1,81737.8375345321,0.000161092105800568,0.000508685327850089
"CA",2024,6487.2,22562.9,39431263,3306928600000,1,1,1,1,83865.6524900052,0.000164519203962602,0.000572208402251787
"CO",2010,1292.77952010741,27.2258823529412,5046928,279385600000,0,0,0,1,55357.5561212682,0.000256151766006452,5.39454542504691e-06
"CO",2011,1798.05939970115,78.8117647058824,5118837,283963800000,0,0,0,1,55474.280583656,0.000351263265406019,1.53964200668789e-05
"CO",2012,2298.79630335448,121.8,5188139,289339500000,0,0,0,1,55769.4194392247,0.000443086876306607,2.34766262045022e-05
"CO",2013,2330.9,121.8,5262801,301484100000,0,0,0,1,57285.8635544076,0.000442901033119056,2.31435693654387e-05
"CO",2014,2594.1,129.6,5342212,3.15399e+11,0,0,0,1,59039.0272793367,0.000485585371752375,2.42596138079133e-05
"CO",2015,2968.8,194,5441452,330526100000,0,0,0,1,60742.2614405126,0.000545589669816071,3.56522487012658e-05
"CO",2016,3027.1,419.4,5528510,337685200000,0,1,1,1,61080.6890102397,0.000547543551517497,7.58613080197015e-05
"CO",2017,3107.2,462.1,5599635,350209100000,0,1,1,1,62541.4156458412,0.000554893310010385,8.25232358894821e-05
"CO",2018,3704.2,532.6,5676918,365204500000,1,1,1,1,64331.473521372,0.000652501938551869,9.38185120870162e-05
"CO",2019,3758.4,607.9,5735797,383725600000,1,1,1,1,66900.1361101169,0.000655253315275977,0.000105983527659713
"CO",2020,4722.7,682.2,5787129,3.80544e+11,1,1,1,1,65756.9582430252,0.000816069591674905,0.000117882286709005
"CO",2021,5032.3,1060.9,5814036,406309200000,1,1,1,1,69884.190603567,0.000865543316209256,0.000182472210354391
"CO",2022,5177.3,1303.4,5850935,422576100000,1,1,1,1,72223.6873251882,0.000884867119528759,0.000222767814033142
"CO",2023,5378.8,2174.7,5901339,440225200000,1,1,1,1,74597.5108361001,0.000911454163199233,0.000368509587400419
"CO",2024,5378.8,2371.2,5957493,448838500000,1,1,1,1,75340.1640589422,0.000902862999587243,0.000398019771068132
"CT",2010,0,0,3580281,266773400000,0,0,0,1,74511.860940524,0,0
"CT",2011,0,0,3594181,261555800000,0,0,0,1,72772.0167682151,0,0
"CT",2012,0,0,3605215,263649900000,0,0,0,1,73130.1461910039,0,0
"CT",2013,0,5,3610238,2.58911e+11,0,0,0,1,71715.7705392276,0,1.38495024427752e-06
"CT",2014,0,10,3614584,260605800000,0,0,0,1,72098.421284441,0,2.76657009492655e-06
"CT",2015,0,10,3611891,268869800000,0,0,0,1,74440.1755202469,0,2.76863282972825e-06
"CT",2016,5,25.2,3607614,268196200000,0,0,0,1,74341.7117241479,1.38595758858902e-06,6.98522624648868e-06
"CT",2017,5,33.8,3607550,273875100000,0,0,0,1,75917.2014247897,1.38598217626921e-06,9.36923951157988e-06
"CT",2018,5,86.1,3611229,274582800000,0,0,0,1,76035.8315686986,1.38457018372416e-06,2.384229856373e-05
"CT",2019,5,135.9,3607133,275225400000,1,1,1,1,76300.3193949322,1.38614240173567e-06,3.76753504791756e-05
"CT",2020,5,161.5,3579918,261737100000,1,1,1,1,73112.5964337731,1.39668003568797e-06,4.51127651527214e-05
"CT",2021,5,245.8,3606607,270779800000,1,1,1,1,75078.8206200454,1.38634456152278e-06,6.815269864446e-05
"CT",2022,5,273.4,3617925,279348500000,1,1,1,1,77212.3523843087,1.38200764250226e-06,7.55681778920237e-05
"CT",2023,5,287.9,3643023,283228500000,1,1,1,1,77745.4602949254,1.37248653110343e-06,7.90277744609353e-05
"CT",2024,5,322.8,3675069,286160100000,1,1,1,1,77865.2319180946,1.36051867325484e-06,8.78350855453326e-05
"DE",2010,2,0,899773,68291900000,0,0,0,1,75899.032311483,2.22278285745405e-06,0
"DE",2011,2,12.8636363636364,908220,71103500000,0,0,0,1,78288.8507189888,2.20210962101693e-06,1.41635686988135e-05
"DE",2012,2,28.3,916654,70562400000,0,0,0,1,76978.227335505,2.18184833099512e-06,3.08731538835809e-05
"DE",2013,2,28.3,925704,68656800000,0,0,0,1,74167.1203754116,2.16051783291419e-06,3.05713273357358e-05
"DE",2014,2,29.6,935278,73961700000,0,0,0,1,79079.9099305233,2.1384016303174e-06,3.16483441286976e-05
"DE",2015,2,30.8,944716,76211200000,0,0,0,1,80671.0164747924,2.11703834803264e-06,3.26023905597026e-05
"DE",2016,2,30.8,953146,71941400000,0,0,0,1,75477.8386522107,2.09831442402318e-06,3.2314042129957e-05
"DE",2017,2,32,961604,69555600000,0,0,0,1,72332.8937899593,2.07985823686258e-06,3.32777317898012e-05
"DE",2018,2,33.4,971152,70856400000,0,0,0,1,72961.1842430433,2.0594098555118e-06,3.43921445870471e-05
"DE",2019,2,36.8,981340,74627800000,0,1,1,1,76046.8339209652,2.03802963295086e-06,3.74997452462959e-05
"DE",2020,2,36.8,991928,72728800000,0,1,1,1,73320.6442403078,2.01627537482559e-06,3.70994668967909e-05
"DE",2021,2,38.1,1005062,75205500000,0,1,1,1,74826.7271073824,1.98992698957875e-06,3.79081091514752e-05
"DE",2022,2,89.6,1020625,81111800000,0,1,1,1,79472.676056338,1.95958358848745e-06,8.77893447642376e-05
"DE",2023,2,89.6,1036423,82090900000,0,1,1,1,79205.9805697095,1.92971402602991e-06,8.64511883661401e-05
"DE",2024,2,97.3,1051917,85350500000,0,1,1,1,81138.055569023,1.90129069118571e-06,9.24977921261849e-05
"FL",2010,0,54.6448275862069,18842405,851956400000,0,0,0,0,45214.8438588386,0,2.90009834658617e-06
"FL",2011,0,68.9,19036879,849395300000,0,0,0,0,44618.4114528437,0,3.61929074613544e-06
"FL",2012,0,68.9,19268256,857861300000,0,0,0,0,44522.0003304918,0,3.57582959246545e-06
"FL",2013,0,68.9,19502928,880183500000,0,0,0,0,45130.8388155871,0,3.53280286939479e-06
"FL",2014,0,75.1,19790139,905648500000,0,0,0,0,45762.6144010408,0,3.79481922789931e-06
"FL",2015,0,84.6,20140379,9.45929e+11,0,0,0,0,46966.7924322576,0,4.20051678272787e-06
"FL",2016,0,330.6,20533473,978989700000,0,0,0,0,47677.7455036467,0,1.61005398356138e-05
"FL",2017,0,517.7,20868335,1014866900000,0,0,0,0,48631.9057078583,0,2.48079207085759e-05
"FL",2018,0,1401.6,21131181,1050433800000,0,0,0,0,49710.1321502097,0,6.63285218180659e-05
"FL",2019,0,2145,21353320,1084913900000,1,0,1,0,50807.7385624343,0,0.000100452763317367
"FL",2020,0,3785.1,21592035,1072481600000,1,0,1,0,49670.2418275999,0,0.000175300753263877
"FL",2021,0,4953,21831949,1172655300000,1,0,1,0,53712.808691519,0,0.000226869346387718
"FL",2022,0,5995.9,22379312,1245927600000,1,0,1,0,55673.1860210895,0,0.000267921551833229
"FL",2023,0,7803.4,22904868,1309392200000,1,0,1,0,57166.5464302174,0,0.000340687403219263
"FL",2024,0,10951.9,23372215,1352275100000,1,0,1,0,57858.2346602579,0,0.000468586310711244
"GA",2010,0,0,9712616,471588200000,0,0,0,0,48554.1897260223,0,0
"GA",2011,0,0,9805666,481215400000,0,0,0,0,49075.2387446197,0,0
"GA",2012,0,0,9907250,489027300000,0,0,0,0,49360.5490928361,0,0
"GA",2013,0,61.1,9980892,499900200000,0,0,0,0,50085.723801039,0,6.12169733927589e-06
"GA",2014,0,68.6,10078133,517511900000,0,0,0,0,51349.9772229638,0,6.80681630218613e-06
"GA",2015,0,241.2,10191912,540108500000,0,0,0,0,52993.8347191381,0,2.36658244301952e-05
"GA",2016,0,978.1,10318636,561718300000,1,0,1,0,54437.2628320255,0,9.47896601837685e-05
"GA",2017,0,985.9,10428854,583543300000,1,0,1,0,55954.6907071477,0,9.45357946328523e-05
"GA",2018,0,1026.2,10532841,600934700000,1,1,1,0,57053.4293644042,0,9.74286044952164e-05
"GA",2019,0,1525.1,10643103,620744900000,1,1,1,0,58323.6768449953,0,0.000143294676373986
"GA",2020,0,2207.7,10732888,603202500000,1,1,1,0,56201.3225144994,0,0.000205694869824413
"GA",2021,0,3080,10792060,643748400000,1,1,1,0,59650.1872673058,0,0.000285395003363584
"GA",2022,0,3642.9,10931805,670107200000,1,1,1,0,61298.8614414545,0,0.000333238655464491
"GA",2023,0,4134.5,11064432,679447200000,1,1,1,0,61408.2313488844,0,0.000373674852898007
"GA",2024,0,5014.4,11180878,697450900000,1,1,1,0,62378.9026228531,0,0.000448479985203309
"IA",2010,3585.32731151311,0,3051473,161593100000,0,0,0,1,52955.769230139,0.00117494970839103,0
"IA",2011,4350.26824506154,0,3070048,164559300000,0,0,0,1,53601.5397804855,0.00141700333188977,0
"IA",2012,5154.1,0,3082748,170923700000,0,0,0,1,55445.239117826,0.00167191739318297,0
"IA",2013,5154.1,0,3102460,171069100000,0,0,0,1,55139.8245263436,0.00166129458558692,0
"IA",2014,5667.2,0,3121790,180309900000,0,0,0,1,57758.4975286614,0.00181536874677669,0
"IA",2015,6314,0,3136310,185989200000,0,1,1,1,59301.9184965772,0.00201319384882234,0
"IA",2016,6935.3,2.6,3149607,186729900000,0,1,1,1,59286.7300587026,0.00220195726006451,8.25499816326291e-07
"IA",2017,7098.7,7.7,3162752,1.87125e+11,1,1,1,1,59165.2459630094,0.00224446937350763,2.43458861143713e-06
"IA",2018,8386.7,9.2,3171540,189245100000,1,1,1,1,59669.7818725288,0.00264436204493716,2.90079898093671e-06
"IA",2019,9906.3,13.8,3183858,188471400000,1,1,1,1,59195.9189134691,0.00311141388843347,4.33436415820052e-06
"IA",2020,11406.9,18.4,3191141,187261700000,1,1,1,1,58681.7379739723,0.003574552174285,5.76596270738272e-06
"IA",2021,11804.1,118.4,3198613,202470600000,1,1,1,1,63299.4988765443,0.00369038079942775,3.70160441416326e-05
"IA",2022,12542.8,261.9,3202820,202672500000,1,1,1,1,63279.3912864288,0.0039161738717755,8.17716886993337e-05
"IA",2023,12979.3,263.4,3218414,201359800000,1,1,1,1,62564.9155142875,0.00403282486342652,8.18415530133786e-05
"IA",2024,13016,677.5,3241488,206438900000,1,1,1,1,63686.4612795111,0.00401543982269871,0.000209008948976519
"ID",2010,350.063259640103,0,1571339,62626400000,0,0,0,0,39855.4353961812,0.000222780227334842,0
"ID",2011,613.554940874036,0,1586880,6.2704e+10,0,0,0,0,39514.0149223634,0.000386642304946837,0
"ID",2012,966.6,0,1600611,62007300000,0,0,0,0,38739.7687508083,0.000603894387830647,0
"ID",2013,966.6,0,1618841,64769800000,0,0,0,0,40009.9824504074,0.000597093846770622,0
"ID",2014,966.6,0,1641124,66784900000,0,0,0,0,40694.6093043548,0.000588986572617304,0
"ID",2015,966.6,0,1663458,67790500000,0,0,0,0,40752.7572081772,0.000581078692699185,0
"ID",2016,974.4,120,1697093,70442500000,0,0,0,0,41507.7429463206,0.000574158281249171,7.07091479370901e-05
"ID",2017,974.4,240,1734888,72935100000,0,0,0,0,42040.2354503576,0.000561650089227662,0.000138337460400902
"ID",2018,974.4,240,1769305,77652100000,0,0,0,0,43888.4759835076,0.000550724719593287,0.000135646482658445
"ID",2019,974.4,242,1808378,81144300000,0,0,0,0,44871.3156209598,0.000538825400441722,0.000133821579337948
"ID",2020,974.4,242,1849415,82711600000,0,0,0,0,44723.1151472222,0.000526869307321504,0.000130852188394709
"ID",2021,974.4,242,1904848,88955200000,1,0,1,0,46699.3691885127,0.00051153687853309,0.000127044257599556
"ID",2022,972.3,362,1944299,92792500000,1,0,1,0,47725.4270047971,0.000500077405789953,0.000186185355236
"ID",2023,972.3,402,1971122,95286500000,1,0,1,0,48341.2492986228,0.000493272359600268,0.000203944758366047
"ID",2024,1132.3,501.6,2001619,99567300000,1,0,1,0,49743.3827316787,0.000565692072267499,0.000250597141613864
"IL",2010,1992.55396470999,9.02857142857143,12845460,755391400000,0,0,0,1,58806.0995869358,0.000155117369460493,7.0286088848289e-07
"IL",2011,2709.99530654198,9.02857142857143,12892409,772225600000,0,0,0,1,59897.6963886268,0.000210200848153513,7.00301350086817e-07
"IL",2012,3549.8,31.6,12927420,790723300000,0,0,0,1,61166.3657558894,0.000274594621355228,2.44441659666043e-06
"IL",2013,3549.8,31.6,12959880,795435200000,0,0,0,1,61376.7411426649,0.000273906857162258,2.43829418173625e-06
"IL",2014,3551.5,31.9,12968905,811490100000,0,1,1,1,62571.9827541338,0.000273847329439147,2.45972963793011e-06
"IL",2015,3824.5,33.1,12963110,825424900000,0,1,1,1,63674.9128874167,0.000295029510665265,2.55339960858158e-06
"IL",2016,4008.5,33.1,12944999,826404700000,0,1,1,1,63839.6882070057,0.000309656261850619,2.55697200131109e-06
"IL",2017,4286.5,35.1,12922894,832826800000,0,1,1,1,64445.8431679467,0.000331698147489254,2.71610987446001e-06
"IL",2018,4643.5,40.9,12887397,851517200000,0,1,1,1,66073.6376787337,0.00036031325798375,3.17364321127067e-06
"IL",2019,5227.9,44.4,12849440,858018300000,1,1,1,1,66774.7621686237,0.00040685819771134,3.45540350396593e-06
"IL",2020,6325.3,120.2,12799088,810693100000,1,1,1,1,63339.9114061877,0.000494199274198287,9.39129412970674e-06
"IL",2021,7197.8,647.3,12700641,857114600000,1,1,1,1,67485.9324029393,0.000566727301401559,5.09659315620369e-05
"IL",2022,7059.3,899.3,12621821,872907500000,1,1,1,1,69158.6023918419,0.00055929330640959,7.12496239647195e-05
"IL",2023,7904.4,1243.6,12642259,884965300000,1,1,1,1,70000.5671454761,0.000625236360052424,9.83684956936889e-05
"IL",2024,7904.4,2953.6,12710158,899125900000,1,1,1,1,70740.7335140916,0.000621896281698465,0.000232381060880596
"IN",2010,1334.74074857608,0,6491385,320731800000,0,0,0,0,49408.8395619733,0.000205617252493278,0
"IN",2011,1335.64276973149,0,6521409,321532800000,0,0,0,1,49304.1917781878,0.000204808925453301,0
"IN",2012,1538.79797884459,0,6546485,323876200000,0,0,0,1,49473.2975024001,0.000235057130482173,0
"IN",2013,1539.7,49.2,6581401,333207400000,0,0,0,1,50628.6427464304,0.000233947148942907,7.47561195556995e-06
"IN",2014,1739.7,91,6610174,343827800000,0,0,0,1,52014.9393949388,0.000263185205109578,1.37666572771004e-05
"IN",2015,1739.7,129.5,6628925,341205200000,0,0,0,1,51472.1768612558,0.000262440742654352,1.9535595892245e-05
"IN",2016,1889.7,160.6,6658719,348439200000,0,1,1,1,52328.263138901,0.000283793324211459,2.41187531715935e-05
"IN",2017,2109.4,196.8,6686218,357535800000,0,1,1,1,53473.5481254126,0.000315484777792169,2.94336798471124e-05
"IN",2018,2309.8,216.3,6725960,368762900000,0,1,1,1,54826.8053928361,0.000343415661110087,3.21589780492301e-05
"IN",2019,2309.8,245.1,6761818,370507200000,0,1,1,1,54794.0213711756,0.000341594523839595,3.6247648191655e-05
"IN",2020,2940.4,279,6790497,359963600000,0,1,1,1,53009.9048714696,0.000433016905831782,4.1086830610484e-05
"IN",2021,3453.1,607.4,6815907,386872800000,0,1,1,1,56760.2815003198,0.000506623696596799,8.91150656838481e-05
"IN",2022,3453.1,630.4,6844545,393481500000,1,1,1,1,57488.335601563,0.000504503951687073,9.21025429740034e-05
"IN",2023,3439.1,1290.1,6880131,400369500000,1,1,1,1,58192.1332602533,0.000499859668369687,0.000187510964544134
"IN",2024,3640.7,2491.2,6924275,412003400000,1,1,1,1,59501.3051907961,0.000525787898372032,0.000359777738463594
"KS",2010,1072.01525329375,0,2858835,143870100000,0,0,0,1,50324.7301785518,0.000374983254820144,0
"KS",2011,1272.13545100288,0,2872529,147836800000,0,0,0,1,51465.7293277109,0.000442862526715269,0
"KS",2012,2712.54013731676,0,2891164,150077100000,0,0,0,1,51908.8851410712,0.000938217319154761,0
"KS",2013,2968.7,0,2901727,150702900000,0,0,0,1,51935.5887028656,0.00102308039315897,0
"KS",2014,2968.7,0,2911564,154110100000,0,0,0,1,52930.3494616639,0.00101962381730232,0
"KS",2015,3573.7,1,2922703,158602600000,0,0,0,1,54265.7259393103,0.00122273799287851,3.42149031222126e-07
"KS",2016,4469.8,1,2927251,164643700000,1,0,1,1,56245.1597078624,0.00152696164421842,3.41617442440023e-07
"KS",2017,5132.6,4,2927448,166273600000,1,1,1,1,56798.1395399679,0.00175326769254313,1.3663778143967e-06
"KS",2018,5375.8,4,2931587,169796900000,1,1,1,1,57919.7888379229,0.00183375079777609,1.36444867575139e-06
"KS",2019,6150,10,2933756,169562300000,1,1,1,1,57797.0015229624,0.00209628885292437,3.40859976085264e-06
"KS",2020,6835.2,30,2938172,166621400000,1,1,1,0,56709.2055876919,0.00232634440733898,1.02104301586156e-05
"KS",2021,8261.3,30,2938338,170401200000,1,1,1,0,57992.3752815367,0.00281155537586214,1.02098533252471e-05
"KS",2022,8261.3,36.3,2937324,177776100000,1,1,1,0,60523.1496423275,0.00281252595900214,1.23581872479849e-05
"KS",2023,9105.3,40.2,2951500,180267500000,1,1,1,0,61076.5712349653,0.003084973742165,1.36201931221413e-05
"KS",2024,9105.3,65.9,2970606,181599600000,1,1,1,0,61132.1730313613,0.0030651321649522,2.21840257509747e-05
"KY",2010,0,0,4349159,186720600000,0,0,0,0,42932.5761601266,0,0
"KY",2011,0,0,4374302,188389800000,0,0,0,0,43067.3968098225,0,0
"KY",2012,0,0,4394147,192060100000,0,0,0,0,43708.1645197578,0,0
"KY",2013,0,0,4415978,1.96698e+11,0,0,0,0,44542.3414699983,0,0
"KY",2014,0,0,4428854,196795800000,0,0,0,0,44434.9260553633,0,0
"KY",2015,0,0,4443778,199487100000,0,0,0,0,44891.3289547768,0,0
"KY",2016,0,10,4457755,201007200000,0,0,0,0,45091.5763652332,0,2.24328165186288e-06
"KY",2017,0,26.3,4475829,2.03564e+11,0,0,0,0,45480.7366411898,0,5.87600643366849e-06
"KY",2018,0,26.3,4487302,205940100000,1,0,1,0,45893.9692492282,0,5.86098283556578e-06
"KY",2019,0,26.3,4498163,211783100000,1,0,1,0,47082.1310832889,0,5.84683125089064e-06
"KY",2020,0,29.3,4508318,206601900000,1,0,1,0,45826.824993268,0,6.49909788972295e-06
"KY",2021,0,31,4507583,2.15535e+11,1,0,1,0,47816.0912400282,0,6.877299874456e-06
"KY",2022,0,81.4,4519233,220641800000,1,1,1,0,48822.8422831927,0,1.80119060026336e-05
"KY",2023,0,85.9,4550595,226942400000,1,1,1,0,49870.9289664319,0,1.88766523938078e-05
"KY",2024,0,429.7,4588372,230966400000,1,1,1,0,50337.3309749079,0,9.36497738195595e-05
"LA",2010,0,0,4544804,253466900000,0,0,0,0,55770.6999025701,0,0
"LA",2011,0,0,4577089,241235900000,0,0,0,0,52705.0926910095,0,0
"LA",2012,0,0,4603590,242416800000,0,0,0,0,52658.2080506735,0,0
"LA",2013,0,0,4628239,236482300000,0,0,0,0,51095.5246693181,0,0
"LA",2014,0,0,4648813,243042900000,0,0,0,0,52280.6359386794,0,0
"LA",2015,0,0,4670550,239584100000,0,0,0,0,51296.7637644389,0,0
"LA",2016,0,0,4685576,235554200000,0,0,0,0,50272.1970575229,0,0
"LA",2017,0,1.1,4678580,239830700000,0,0,0,0,51261.4297500524,0,2.35114073073454e-07
"LA",2018,0,1.1,4670033,245220300000,0,0,0,0,52509.3291631986,0,2.35544374097571e-07
"LA",2019,0,1.1,4664544,246674400000,0,0,0,0,52882.854143942,0,2.35821550831121e-07
"LA",2020,0,74.5,4652301,2.25636e+11,0,0,0,0,48499.8713539816,0,1.60135812364677e-05
"LA",2021,0,74.5,4627971,242582100000,1,0,1,0,52416.512549452,0,1.60977672504862e-05
"LA",2022,0,124.5,4593687,2.40043e+11,1,1,1,0,52254.9751430605,0,2.71024125065552e-05
"LA",2023,0,344.5,4588071,248949400000,1,1,1,0,54260.145494697,0,7.50860219905054e-05
"LA",2024,0,1070.4,4597740,257055900000,1,1,1,0,55909.1858173798,0,0.000232810032755223
"MA",2010,15.7492003489386,0,6569724,462330800000,0,0,0,1,70372.9410855007,2.39723926742412e-06,0
"MA",2011,33.368663371135,0,6630673,472664300000,0,0,0,1,71284.5136534406,5.03247006316478e-06,0
"MA",2012,72.0737132887467,0,6693932,483286300000,0,0,0,1,72197.6709652862,1.07670220266275e-05,0
"MA",2013,74.5,132.8,6757991,486991800000,0,1,1,1,72061.6230474412,1.10239862704759e-05,1.96508104257611e-05
"MA",2014,84.4,290.6,6820869,496250900000,1,1,1,1,72754.7912150197,1.23737899085879e-05,4.2604542031228e-05
"MA",2015,84.4,343.6,6866661,514398700000,1,1,1,1,74912.493859825,1.22912722792053e-05,5.00388762456746e-05
"MA",2016,96.4,483.6,6909664,521662800000,1,1,1,1,75497.5639915342,1.39514743408652e-05,6.99889314444233e-05
"MA",2017,93,652.8,6959114,530129400000,1,1,1,1,76177.7145768844,1.33637701580977e-05,9.38050447226472e-05
"MA",2018,96,744.9,6994446,549262100000,1,1,1,1,78528.320899182,1.37251756608029e-05,0.000106498784893042
"MA",2019,105.6,862.7,7016781,566326800000,1,1,1,1,80710.3428195921,1.50496360083064e-05,0.000122948115382253
"MA",2020,105.6,986.8,6994598,560395800000,1,1,1,1,80118.3713488609,1.5097365138068e-05,0.000141080302256112
"MA",2021,105.6,1195.1,7000474,5.9742e+11,1,1,1,1,85339.9355529354,1.50846928365136e-05,0.000170717011448082
"MA",2022,101.6,1271.7,7022468,607470600000,1,1,1,1,86503.8616053501,1.44678480556978e-05,0.000181090180831013
"MA",2023,101.6,1342.8,7066568,614786100000,1,1,1,1,86999.2477253456,1.43775592338459e-05,0.0001900215210552
"MA",2024,101.6,1434.2,7136171,628786900000,1,1,1,1,88112.6447222187,1.42373269923044e-05,0.000200976125712234
"MD",2010,67.68962510898,0,5791715,352622900000,0,0,0,1,60884.0213995336,1.16873197505367e-05,0
"MD",2011,120,0,5854930,360155900000,0,0,0,1,61513.2717214382,2.04955481961356e-05,0
"MD",2012,120,62.3,5914854,361561800000,0,0,0,1,61127.764100348,2.02879056693538e-05,1.05328043600062e-05
"MD",2013,120,62.3,5963434,364633200000,0,0,0,1,61144.8370184025,2.01226340393807e-05,1.04470008387785e-05
"MD",2014,160,67,6010059,370343900000,0,0,0,1,61620.6762695674,2.66220348252821e-05,1.11479770830869e-05
"MD",2015,190,90.5,6050280,378745900000,0,0,0,1,62599.7309215441,3.14035052923171e-05,1.4957985415551e-05
"MD",2016,190,144.4,6080556,391950900000,0,0,0,1,64459.7138814279,3.12471425310449e-05,2.37478283235941e-05
"MD",2017,190,174.7,6113486,399714500000,0,0,0,1,65382.4184761362,3.10788312919994e-05,2.8576167509012e-05
"MD",2018,190,355.2,6139211,402480900000,0,0,0,1,65559.0596250886,3.09486023529734e-05,5.78575976619797e-05
"MD",2019,190,322.5,6163769,402506200000,0,0,0,1,65301.9605374569,3.0825295367169e-05,5.23218829258527e-05
"MD",2020,190,365.7,6177935,389178600000,0,0,0,1,62994.932772844,3.07546129896155e-05,5.9194536685802e-05
"MD",2021,190,410.7,6179403,407160100000,1,1,1,1,65889.8764168642,3.07473068191215e-05,6.64627311084906e-05
"MD",2022,190,521.2,6192440,412670700000,1,1,1,1,66641.0494086338,3.06825742356809e-05,8.41671457454574e-05
"MD",2023,190,592.7,6217062,4.20558e+11,1,1,1,1,67645.778665228,3.05610592270111e-05,9.53344200202604e-05
"MD",2024,190,679.8,6263220,433105900000,1,1,1,1,69150.6764890903,3.03358336446748e-05,0.000108538419535
"ME",2010,265.99113894688,0,1327967,59958500000,0,0,0,1,45150.5948566493,0.000200299509661671,0
"ME",2011,396.439665970772,0,1330060,59429700000,0,0,0,1,44681.9692344706,0.000298061490437102,0
"ME",2012,430.6,0,1330954,59181700000,0,0,0,1,44465.62390586,0.000323527334528466,0
"ME",2013,430.6,0,1332673,59013900000,0,0,0,1,44282.3558367281,0.000323110020237523,0
"ME",2014,430.6,0,1336617,59589800000,0,0,0,1,44582.5543143623,0.000322156608811649,0
"ME",2015,612.8,0,1335768,6.0563e+10,0,0,0,1,45339.4601457738,0.000458762300040127,0
"ME",2016,898.8,0,1340292,62037100000,0,0,0,1,46286.2570245887,0.000670600137880402,0
"ME",2017,921.6,5.6,1344956,63000600000,1,0,1,1,46842.1271773947,0.000685226877310485,4.16370498365746e-06
"ME",2018,921.6,5.6,1350606,64806300000,1,0,1,1,47983.1275738446,0.000682360362681641,4.14628692601691e-06
"ME",2019,924.6,5.6,1357523,66758400000,1,1,1,1,49176.62536841,0.000681093432671122,4.12516031035938e-06
"ME",2020,997.2,64.9,1364571,67639200000,1,1,1,1,49568.1060201338,0.000730779123988418,4.75607352054235e-05
"ME",2021,1012.5,201.3,1378931,71353500000,1,1,1,1,51745.5188113111,0.000734264441077907,0.000145982648878008
"ME",2022,1032.5,297.8,1390922,72884400000,1,1,1,1,52400.0626922286,0.000742313371993541,0.000214102588067483
"ME",2023,1032.5,481,1399646,7.5514e+10,1,1,1,1,53952.213631161,0.000737686529308125,0.000343658325033616
"ME",2024,1032.5,832.9,1405012,77758600000,1,1,1,1,55343.7266016233,0.00073486916837721,0.000592806324785838
"MI",2010,161.761434726411,0,9880111,441271500000,0,0,0,1,44662.6055112134,1.63724309095729e-05,0
"MI",2011,370.255062473072,0,9895652,453989100000,0,0,0,1,45877.6339345806,3.74159340357838e-05,0
"MI",2012,986.079293408014,0,9921001,463302600000,0,0,0,1,46699.1788429414,9.93931250896975e-05,0
"MI",2013,1161.3,0,9947598,472779900000,0,0,0,1,47527.0412013031,0.000116741750118973,0
"MI",2014,1529.5,0,9974914,479534900000,0,0,0,1,48074.0886588095,0.000153334655316327,0
"MI",2015,1529.5,2,9987448,490618700000,0,0,0,1,49123.5298546736,0.000153142224119715,2.00251355501425e-07
"MI",2016,1608.9,12.5,10017194,500159500000,0,0,0,1,49930.1001857406,0.000160613840562537,1.24785443907745e-06
"MI",2017,1857.9,73,10049914,505101500000,0,0,0,1,50259.2858008536,0.000184867253590429,7.263743749449e-06
"MI",2018,1901.9,99.3,10070532,5.16843e+11,1,0,1,1,51322.313458713,0.000188857947127322,9.86045225813294e-06
"MI",2019,2187.1,103.1,10078126,521085100000,1,0,1,1,51704.5629316403,0.000217014552110184,1.02300765043025e-05
"MI",2020,2635.7,226.1,10072703,502622300000,1,0,1,1,49899.4460573294,0.000261667598061811,2.24468049936546e-05
"MI",2021,3169.2,354.4,10041351,528701800000,1,0,1,1,52652.4568257797,0.000315614900823604,3.52940555508915e-05
"MI",2022,3242,708.8,10050877,539807500000,1,1,1,1,53707.502340343,0.000322558916997989,7.05212092437307e-05
"MI",2023,3577.3,976.1,10083356,554556200000,1,1,1,1,54997.1854608724,0.000354772756213308,9.68030881781819e-05
"MI",2024,3777.3,1159.1,10140459,562177600000,1,1,1,1,55439.0683893106,0.00037249793130666,0.000114304490556098
"MN",2010,2016.44895976296,0,5312197,308091900000,0,0,0,1,57997.077292126,0.000379588512956684,0
"MN",2011,2571.56190378375,0,5352946,315213300000,0,0,0,1,58885.948036838,0.000480401241444198,0
"MN",2012,2847.7,0,5388902,321053900000,0,0,0,1,59576.8674212298,0.000528437889573794,0
"MN",2013,2847.7,1.7,5431187,329774500000,0,0,0,1,60718.6789922719,0.000524323688357628,3.13007082982044e-07
"MN",2014,3049.5,1.7,5474193,338623900000,0,0,0,1,61858.231889157,0.000557068411727537,3.10548057037814e-07
"MN",2015,3247.9,4,5510593,345456200000,0,1,1,1,62689.478246715,0.000589392103535863,7.25874692614751e-07
"MN",2016,3517,256.2,5557028,350603600000,0,1,1,1,63091.9261159022,0.000632892258235877,4.61037806539755e-05
"MN",2017,3719,510.4,5606013,354721900000,0,1,1,1,63275.254623919,0.000663394822666305,9.10450974694493e-05
"MN",2018,3765.6,741.5,5650556,364799700000,0,1,1,1,64559.9654264111,0.000666412296418264,0.000131226024483254
"MN",2019,3858.6,901.2,5686910,369617400000,0,1,1,1,64994.4170032584,0.000678505550465894,0.000158469186254047
"MN",2020,4320.7,1025.5,5710735,357831500000,0,1,1,1,62659.4475141991,0.000756592627744064,0.000179574082845728
"MN",2021,4722.8,1103.9,5718660,377975800000,1,1,1,1,66095.1691480172,0.000825857805849622,0.000193034731912721
"MN",2022,4866.1,1153.7,5721621,385921800000,1,1,1,1,67449.7314659604,0.000850475765521694,0.00020163866149121
"MN",2023,4966.1,1302.2,5753048,389864500000,1,1,1,1,67766.5995486219,0.000863211987801944,0.000226349580257283
"MN",2024,4971.5,1652.9,5793151,399253300000,1,1,1,1,68918.1587015426,0.000858168551104572,0.000285319681810469
"MO",2010,458.5,0,5996167,295986400000,0,0,0,1,49362.601141696,7.64655153867462e-05,0
"MO",2011,458.5,0,6011574,292984200000,0,0,0,1,48736.6869309103,7.62695427187622e-05,0
"MO",2012,458.5,0,6026733,296514300000,0,0,0,1,49199.8401123793,7.60777024633412e-05,0
"MO",2013,458.5,0,6044008,302025700000,0,0,0,1,49971.0953393841,7.58602569685546e-05,0
"MO",2014,458.5,7.7,6060462,303617800000,0,0,0,1,50098.1278324986,7.56542983026707e-05,1.27053020050287e-06
"MO",2015,458.5,11.5,6077056,308009900000,0,0,0,1,50684.0647840007,7.54477167891821e-05,1.89236367083009e-06
"MO",2016,659.4,25.7,6093343,308423300000,0,0,0,1,50616.4350176906,0.000108216458518747,4.21771759771278e-06
"MO",2017,959.4,48.6,6113654,311273800000,0,0,0,1,50914.5267298411,0.000156927428343181,7.94941944702792e-06
"MO",2018,959.4,62.1,6128572,314182400000,0,0,0,1,51265.1886932225,0.000156545439949143,1.01328661880777e-05
"MO",2019,959.4,62.1,6143374,321329100000,0,0,0,1,52304.9874547765,0.000156168255424462,1.01084518051481e-05
"MO",2020,1987.3,63.7,6154744,316158600000,0,0,0,1,51368.277868259,0.000322889140474405,1.03497399729379e-05
"MO",2021,2435.7,76,6171374,3.31578e+11,1,0,1,1,53728.3917649457,0.000394677101079922,1.2314923710668e-05
"MO",2022,2435.7,90.9,6179414,337225400000,1,0,1,1,54572.3914921383,0.000394163588974618,1.47101327083766e-05
"MO",2023,2435.7,100.9,6208038,346895300000,1,0,1,1,55878.4111824058,0.000392346180870671,1.62531221619455e-05
"MO",2024,2453.7,469.9,6245466,353307400000,1,0,1,1,56570.2223020668,0.000392877008697189,7.5238581076256e-05
"MS",2010,0,0,2970367,106711800000,0,0,0,0,35925.4597159206,0,0
"MS",2011,0,0,2977902,106491100000,0,0,0,0,35760.4447695055,0,0
"MS",2012,0,0,2982356,108646500000,0,0,0,0,36429.7555355565,0,0
"MS",2013,0,0,2986599,109032700000,0,0,0,0,36507.311493776,0,0
"MS",2014,0,0,2987656,109299600000,0,0,0,0,36583.7298537717,0,0
"MS",2015,0,0,2985000,109401700000,0,0,0,0,36650.4857621441,0,0
"MS",2016,0,3.1,2984364,1.09911e+11,0,0,0,0,36828.9525004322,0,1.03874728417847e-06
"MS",2017,0,160.6,2983448,110281400000,0,0,0,0,36964.4116471948,0,5.38303332251811e-05
"MS",2018,0,160.6,2974657,110174800000,0,0,0,0,37037.8164608558,0,5.39894179396146e-05
"MS",2019,0,218.1,2969008,111207800000,0,0,0,0,37456.2143315208,0,7.3458879194667e-05
"MS",2020,0,218.1,2958536,1.11195e+11,0,0,0,0,37584.4674528213,0,7.37188933986269e-05
"MS",2021,0,219.3,2947209,116078400000,1,0,1,0,39385.8732108921,0,7.44093818931742e-05
"MS",2022,0,319.3,2941939,115700300000,1,0,1,0,39327.9058471301,0,0.000108533861511065
"MS",2023,0,425.6,2943172,119454200000,1,0,1,0,40586.8906064613,0,0.000144605887797247
"MS",2024,184.5,1219.7,2943045,123419300000,1,0,1,0,41935.9201099541,6.26901729331356e-05,0.000414434709628973
"MT",2010,384.231246410109,0,990874,42469800000,0,0,0,1,42860.9490207635,0.000387770035756422,0
"MT",2011,384.231246410109,0,998243,43532200000,0,0,0,1,43608.8206979663,0.000384907528938454,0
"MT",2012,642.6,0,1005475,44329100000,0,0,0,1,44087.7197344539,0.000639100922449588,0
"MT",2013,642.6,0,1016046,45114700000,0,0,0,1,44402.2219466441,0.000632451680337308,0
"MT",2014,662.3,0,1025126,46166700000,0,0,0,1,45035.1468990153,0.000646066922505136,0
"MT",2015,662.3,0,1034544,47765600000,0,0,0,1,46170.6800290756,0.000640185434355619,0
"MT",2016,687.3,0,1045768,47189600000,0,0,0,1,45124.3488039412,0.000657220339501687,0
"MT",2017,687.3,17,1058073,48470500000,0,0,0,1,45810.1662172648,0.000649577108573794,1.60669443412695e-05
"MT",2018,792.3,17,1066610,4.9455e+10,0,0,0,1,46366.525721679,0.000742820712350344,1.59383467246697e-05
"MT",2019,800.1,17,1075495,50263500000,0,0,0,1,46735.2242455799,0.0007439365129545,1.58066750658999e-05
"MT",2020,881.9,17,1087230,50062900000,0,0,0,1,46046.2827552588,0.000811143916190686,1.5636065965803e-05
"MT",2021,1121.7,17,1106522,53345900000,0,0,0,0,48210.4287126691,0.0010137168533477,1.53634541382819e-05
"MT",2022,1487.2,17,1122095,55806900000,0,0,0,0,49734.559016839,0.00132537797601807,1.5150232377829e-05
"MT",2023,1590,177,1131302,58604900000,1,0,1,0,51803.0552407757,0.00140546025729646,0.000156456896566964
"MT",2024,1897.9,179,1137233,60605700000,1,0,1,0,53292.2453006552,0.00166887524368357,0.000157399583023004
"NC",2010,0,85.2845070422535,9571037,482030400000,0,0,0,1,50363.4454657317,0,8.91068617144135e-06
"NC",2011,0,85.2845070422535,9641131,484200300000,0,0,0,1,50222.3546179385,0,8.84590273094033e-06
"NC",2012,0,241.639436619718,9719755,488126500000,0,0,0,1,50220.0415545454,0,2.48606509752271e-05
"NC",2013,0,336.4,9800429,497456600000,0,0,0,1,50758.6555649758,0,3.43250280166307e-05
"NC",2014,0,681.4,9876774,509782400000,0,0,0,1,51614.261903735,0,6.89901378729532e-05
"NC",2015,0,1443.9,9962464,525229100000,0,1,1,1,52720.8028054104,0,0.000144934024353814
"NC",2016,208,2431.4,10072775,536308500000,0,1,1,1,53243.371364892,2.06497216506871e-05,0.00024138333279558
"NC",2017,208,3357.7,10172498,546810100000,0,1,1,1,53753.7682484676,2.04472883651587e-05,0.000330076250690833
"NC",2018,208,4007.9,10273864,556573700000,1,1,1,1,54173.746119279,2.02455473422658e-05,0.000390106390351284
"NC",2019,208,4519.6,10369657,5.67975e+11,1,1,1,1,54772.7856379435,2.00585226685897e-05,0.000435848553139222
"NC",2020,208,5039.1,10449652,564278800000,1,1,1,1,53999.7695617041,1.99049690841379e-05,0.000482226585153266
"NC",2021,208,5749.1,10564320,599293800000,1,1,1,1,56728.0998682357,1.96889151407757e-05,0.000544199721326124
"NC",2022,208,6074.4,10710793,620666500000,1,1,1,1,57947.7635316078,1.94196638848309e-05,0.000567128876452005
"NC",2023,208,6652.8,10881189,643045800000,1,1,1,1,59097.0159602963,1.91155580516063e-05,0.000611403772142916
"NC",2024,397,6784.6,11046024,664131600000,1,1,1,1,60124.0410124041,3.59405338970837e-05,0.000614211955360589
"ND",2010,1528.29014310679,0,675097,38697400000,0,0,0,1,57321.2442063881,0.00226380822771659,0
"ND",2011,1550.63605535352,0,687257,43300400000,0,0,0,1,63004.6692867443,0.00225626811418948,0
"ND",2012,1800.69745430501,0,705347,53326800000,0,0,0,1,75603.6390599237,0.00255292424055821,0
"ND",2013,1802.4,0,727655,54690900000,0,0,0,1,75160.4812720314,0.00247699802791158,0
"ND",2014,1802.4,0,744628,6.0193e+10,0,0,0,1,80836.3370703224,0.00242053750329023,0
"ND",2015,2264.9,0,762814,58694500000,0,0,0,0,76944.7073598544,0.00296913795499296,0
"ND",2016,2828.4,0,764781,5.4756e+10,0,0,0,0,71596.9669748595,0.00369831363488371,0
"ND",2017,3080,0,766807,56530200000,0,0,0,0,73721.5492294671,0.00401665608164766,0
"ND",2018,3229,0,771499,58516400000,0,0,0,0,75847.6679814232,0.00418535863299888,0
"ND",2019,3535.7,0,776548,59408500000,0,0,0,0,76503.3198205391,0.00455309910012002,0
"ND",2020,4035.1,0,779563,56602800000,0,0,0,0,72608.3716133269,0.00517610507425314,0
"ND",2021,4333.9,0,777966,57351300000,0,0,0,0,73719.5455842543,0.00557080900707743,0
"ND",2022,4330.3,0,781057,57031100000,1,0,1,0,73017.8463287571,0.00554415362771219,0
"ND",2023,4330.3,0,789047,62114700000,1,0,1,0,78721.166166274,0.00548801275462678,0
"ND",2024,4529.1,0,796568,63366400000,1,0,1,0,79549.2663526529,0.00568576694017334,0
"NE",2010,204.551468114391,0,1830194,103940800000,0,0,0,0,56792.2307689786,0.000111764910230495,0
"NE",2011,330.736473466891,0,1843937,109734200000,0,0,0,0,59510.8184281784,0.000179364302287383,0
"NE",2012,454.387643370546,0,1859140,109686300000,0,0,0,0,58998.4078660026,0.000244407437509034,0
"NE",2013,530.2,0,1873681,111382200000,0,0,0,0,59445.6580389084,0.000282972394980789,0
"NE",2014,811.7,0,1890242,115651900000,0,0,0,0,61183.6473848322,0.000429415916057309,0
"NE",2015,885.1,0,1904766,119640800000,0,0,0,0,62811.2849557373,0.000464676500945523,0
"NE",2016,1329.4,6.3,1921616,121303100000,0,0,0,0,63125.567230914,0.000691813556922923,3.27849060374185e-06
"NE",2017,1417.2,15.6,1934551,123219900000,0,0,0,0,63694.3145980644,0.000732573088018874,8.06388665897151e-06
"NE",2018,1700,17.9,1945483,125543400000,0,0,0,0,64530.710368582,0.000873818995077315,9.20080000699055e-06
"NE",2019,2180.6,24.4,1954962,127568900000,0,0,0,0,65253.9026334016,0.00111541810019837,1.24810610129506e-05
"NE",2020,2575.6,28.8,1963387,126711200000,0,0,0,0,64537.0474593139,0.00131181473647325,1.46685294340851e-05
"NE",2021,2961.3,33.2,1964537,135166400000,0,0,0,0,68803.183650906,0.00150737807432489,1.68996562548835e-05
"NE",2022,3524,41.7,1972246,139878100000,1,0,1,0,70923.2519675537,0.00178679535919961,2.11434070597684e-05
"NE",2023,3524,41.7,1987864,147146500000,1,0,1,0,74022.418032622,0.00177275709002226,2.09772901969149e-05
"NE",2024,3522.8,137.6,2005465,148102800000,1,0,1,0,73849.6059517369,0.00175660009025338,6.86125162992124e-05
"NH",2010,24.0859146697838,0,1317105,72950400000,0,0,0,1,55386.9281492364,1.82870117946434e-05,0
"NH",2011,24.0859146697838,0,1321939,7.3465e+10,0,0,0,1,55573.6686791145,1.82201407703258e-05,0
"NH",2012,171,0,1327372,74082800000,0,0,0,1,55811.6338147859,0.000128825980960876,0
"NH",2013,171,0,1331163,75503400000,0,0,0,1,56719.8757777973,0.000128459099298884,0
"NH",2014,171,0,1339344,76836200000,0,0,0,1,57368.5326547922,0.000127674443608214,0
"NH",2015,171,0,1343764,79319300000,0,0,0,1,59027.7012927865,0.000127254488139286,0
"NH",2016,185.3,0,1351178,80736100000,0,0,0,1,59752.3790351826,0.000137139592266896,0
"NH",2017,185.3,0,1359076,81179600000,0,0,0,1,59731.4646127222,0.000136342632788748,0
"NH",2018,185.3,0,1364941,82269500000,0,0,0,1,60273.3011903079,0.000135756783626545,0
"NH",2019,214.1,0,1371857,84438200000,0,0,0,1,61550.2927783289,0.000156065829018622,0
"NH",2020,214.1,2.4,1378756,83682900000,0,0,0,1,60694.4956177888,0.000155284909004929,1.74069958716408e-06
"NH",2021,214.1,2.4,1387677,90296700000,0,0,0,1,65070.4018298206,0.000154286624336931,1.7295091004607e-06
"NH",2022,214.1,2.4,1396678,91702100000,0,0,0,1,65657.2953823286,0.000153292312186488,1.71836314454728e-06
"NH",2023,214.1,2.4,1402199,93645800000,0,0,0,1,66784.9570567373,0.000152688741041749,1.71159728398038e-06
"NH",2024,214.1,2.4,1409032,9.4926e+10,0,0,0,1,67369.6551959075,0.000151948287902617,1.70329701525586e-06
"NJ",2010,6.25,15.8142857142857,8809368,554764400000,0,0,0,1,62974.3700115604,7.09472007526533e-07,1.79516688532999e-06
"NJ",2011,6.25,192.934285714286,8878245,548479300000,0,0,0,1,61777.8964198442,7.03967957631266e-07,2.17311288114133e-05
"NJ",2012,7.5,278.331428571429,8935248,560729700000,0,0,0,1,62754.7998667748,8.39372337510945e-07,3.11498269070348e-05
"NJ",2013,7.5,332.1,8987175,570952400000,0,0,0,1,63529.6853571895,8.34522527935642e-07,3.69526575369902e-05
"NJ",2014,9,392.4,9036406,570696400000,0,0,0,1,63155.2411434369,9.95971185889611e-07,4.34243437047871e-05
"NJ",2015,9,444.4,9079218,581414900000,0,0,0,1,64037.9931399378,9.91274799217289e-07,4.89469467524626e-05
"NJ",2016,9,613.9,9122374,587049700000,0,0,0,1,64352.7331810776,9.86585290188716e-07,6.72960788496503e-05
"NJ",2017,9,671.2,9176713,590086700000,0,0,0,1,64302.6212108846,9.80743322799787e-07,7.31416575848019e-05
"NJ",2018,9,771.9,9220072,606892200000,0,0,0,1,65822.9350052798,9.7613120591683e-07,8.37195197608001e-05
"NJ",2019,9,857.2,9259376,6.18691e+11,1,0,1,1,66817.7855613596,9.71987745178509e-07,9.25764327963353e-05
"NJ",2020,9,949.5,9272794,598481300000,1,1,1,1,64541.6365337136,9.70581250915312e-07,0.000102396321971565
"NJ",2021,9,1022.6,9270541,631158300000,1,1,1,1,68082.1432104124,9.7081712922687e-07,0.000110306399594155
"NJ",2022,9,1067.9,9295227,648512400000,1,1,1,1,69768.3230328856,9.68238860653968e-07,0.000114886919921375
"NJ",2023,9,1170.6,9379642,662320100000,1,1,1,1,70612.513782509,9.59524894446931e-07,0.000124802204604397
"NJ",2024,9,1182.6,9500851,675897600000,1,1,1,1,71140.7430765939,9.47283564388074e-07,0.000124473060360593
"NM",2010,677.645867768595,36.909375,2064898,9.0721e+10,0,0,0,1,43934.8577992714,0.000328174015263028,1.78746722598404e-05
"NM",2011,742.416115702479,145.25625,2082130,90552300000,0,0,0,1,43490.2239533555,0.000356565687878509,6.97632952793534e-05
"NM",2012,777.5,171.45,2090282,90762400000,0,0,0,1,43421.126910149,0.00037195938155713,8.20224256822764e-05
"NM",2013,777.5,190.5,2096538,9.0104e+10,0,0,0,1,42977.5181752012,0.000370849467073814,9.0864081643166e-05
"NM",2014,812.3,250.7,2095081,92621100000,0,0,0,1,44208.839658228,0.000387717706379849,0.000119661244601044
"NM",2015,1062.3,312.2,2096056,93503900000,0,0,0,1,44609.4474575107,0.000506808978386074,0.000148946402195361
"NM",2016,1112.3,477.2,2099682,93043500000,0,0,0,1,44313.1388467396,0.000529746885480754,0.000227272510789729
"NM",2017,1764.5,522.2,2101111,93210100000,0,0,0,1,44362.2921397299,0.000839793804325426,0.000248535179721585
"NM",2018,1815.4,562.2,2103161,9.6077e+10,0,0,0,1,45682.1898085786,0.000863176903717785,0.000267311917632554
"NM",2019,2035.9,674.7,2110180,100342200000,1,1,1,1,47551.4884986115,0.000964799211441678,0.000319735757139201
"NM",2020,2557.9,736.8,2118606,9.8004e+10,1,1,1,1,46258.7191766662,0.00120735049367367,0.000347775848836452
"NM",2021,4265.9,740.9,2117333,101499200000,1,1,1,1,47937.2871437795,0.00201475157662966,0.000349921339723133
"NM",2022,4410.9,857.9,2113868,104212800000,1,1,1,1,49299.5778355129,0.00208664874060254,0.00040584369506516
"NM",2023,4409,1135.4,2121164,114059200000,1,1,1,1,53771.9855701869,0.0020785757254036,0.000535272143030902
"NM",2024,4429,2325.4,2130256,119044500000,1,1,1,1,55882.7201988869,0.00207909284142375,0.00109160589149849
"NV",2010,0,67.2727272727273,2701888,142614200000,0,0,0,1,52783.1649572447,0,2.48984144689666e-05
"NV",2011,0,67.2727272727273,2710129,144341200000,0,0,0,1,53259.9001744935,0,2.48227030051807e-05
"NV",2012,150,327.954545454545,2739290,142986100000,0,0,0,1,52198.2338489171,5.47587148494683e-05,0.000119722462920883
"NV",2013,150,370,2769188,144549300000,0,0,0,1,52199.1645204298,5.41675032536614e-05,0.000133613174692365
"NV",2014,150,617.5,2808779,145303600000,0,0,0,1,51731.944734705,5.34039879962076e-05,0.000219846417251055
"NV",2015,150,978.9,2855986,151055900000,0,0,0,1,52890.9805580279,5.25212658605469e-05,0.000342753781005929
"NV",2016,150,1598.3,2904614,156007400000,0,0,0,1,53710.200391515,5.16419737700087e-05,0.000550262444510699
"NV",2017,150,1887.9,2954768,163199100000,0,1,1,1,55232.4581828421,5.07654069625771e-05,0.000638933412030995
"NV",2018,150,1926,3011007,168638500000,0,1,1,1,56007.3423940894,4.98172206175542e-05,0.000639653112729396
"NV",2019,150,2357.1,3068665,176029700000,0,1,1,1,57363.6092567941,4.88811910065126e-05,0.000768119035476339
"NV",2020,150,2517.9,3116967,165924800000,0,1,1,1,53232.7740396353,4.81237048707927e-05,0.000807804509961126
"NV",2021,150,3150.6,3148141,182618300000,0,1,1,1,58008.297595311,4.76471670106263e-05,0.00100078109589119
"NV",2022,150,3460.5,3176116,194463900000,0,1,1,1,61226.9514085758,4.72274942099092e-05,0.00108953829142261
"NV",2023,150,4111,3214363,201158600000,0,1,1,1,62581.1708260704,4.66655446195716e-05,0.00127894702620706
"NV",2024,150,5285.1,3267467,207351900000,0,1,1,1,63459.5238452293,4.59071201025137e-05,0.00161749146969197
"NY",2010,1280.3904583445,0,19420354,1.431624e+12,0,0,0,1,73717.7087503142,6.5930335685153e-05,0
"NY",2011,1414.52178651777,46.2,19602134,1440346800000,0,0,0,1,73479.0814102179,7.21616221232735e-05,2.35688624514045e-06
"NY",2012,1649.71927564783,46.2,19758616,1496280100000,0,0,0,1,75727.9811500967,8.34936655304109e-05,2.33822045025826e-06
"NY",2013,1734.9,46.2,19892558,1.501818e+12,0,0,0,1,75496.4746112591,8.7213519749446e-05,2.32247657641617e-06
"NY",2014,1751.1,53.2,20001317,1535375900000,0,1,1,1,76763.7401077139,8.7549234882883e-05,2.65982485053359e-06
"NY",2015,1751.1,81.1,20087023,1565835200000,0,1,1,1,77952.5766461262,8.71756855159672e-05,4.03743252546681e-06
"NY",2016,1828.8,110.3,20148134,1590567800000,0,1,1,1,78943.6778611856,9.0767710796444e-05,5.47445237360442e-06
"NY",2017,1830.3,163.2,20187407,1624800700000,0,1,1,1,80485.8543744623,9.06654331584042e-05,8.08424776891851e-06
"NY",2018,1991.2,268.6,20219472,1665186800000,0,1,1,1,82355.6025597503,9.84793272544407e-05,1.32842242369138e-05
"NY",2019,1991.2,485.1,20220321,1704364300000,0,1,1,1,84289.6757178088,9.84751923572331e-05,2.39907170613167e-05
"NY",2020,1989.2,673.7,20105171,1667234800000,1,1,1,1,82925.67121165,9.89397205325933e-05,3.35087923400403e-05
"NY",2021,2189.4,927.2,19848276,1750551200000,1,1,1,1,88196.6373301137,0.000110306809518368,4.67143846649452e-05
"NY",2022,2189.4,1379.6,19703747,1781554100000,1,1,1,1,90417.0206813963,0.000111115921250917,7.00171393796317e-05
"NY",2023,2745.9,1724,19737367,1793384500000,1,1,1,1,90862.3982114737,0.000139121900099441,8.73470103687082e-05
"NY",2024,2869.3,2674.6,19867248,1840059300000,1,1,1,1,92617.7244075274,0.000144423626261674,0.000134623577457733
"OH",2010,10.6564793843025,18.0555555555556,11541932,563816300000,0,0,0,1,48849.3867404521,9.2328384747913e-07,1.56434430176469e-06
"OH",2011,122.217355782564,32.5,11558178,580251400000,0,0,0,1,50202.6703516765,1.05741022315597e-05,2.81186186957841e-06
"OH",2012,471.366663585098,32.5,11573400,586540900000,0,0,0,1,50680.0853681718,4.07284517587829e-05,2.808163547445e-06
"OH",2013,475.1,32.5,11612081,603057400000,0,0,0,1,51933.6198223213,4.09142857339696e-05,2.79880927458222e-06
"OH",2014,424.1,36.7,11648921,624973400000,0,0,0,1,53650.7544346811,3.64068054028352e-05,3.15050638595626e-06
"OH",2015,431.6,44,11674622,633274800000,0,0,0,1,54243.7091325098,3.69690770287895e-05,3.76885864056241e-06
"OH",2016,533.9,48.8,11702354,638157500000,0,0,0,1,54532.4043350594,4.56232993806203e-05,4.17010116084337e-06
"OH",2017,604.4,70.7,11737959,652187500000,0,0,0,1,55562.2574588989,5.14910641620064e-05,6.02319364039353e-06
"OH",2018,718.4,84.8,11763104,6.56212e+11,0,0,0,1,55785.6157694432,6.1072315606493e-05,7.20898157493124e-06
"OH",2019,718.4,110.2,11788679,674063900000,1,0,1,1,57178.9171628136,6.09398220105917e-05,9.34795153892985e-06
"OH",2020,852.5,112.8,11798905,655730100000,1,0,1,1,55575.5046760695,7.22524674959244e-05,9.56020918890355e-06
"OH",2021,1102.3,481.3,11767344,6.9163e+11,1,1,1,1,58775.3702109839,9.36744944313687e-05,4.09013282861451e-05
"OH",2022,1102.3,482.7,11777874,694473400000,1,1,1,1,58964.2409147865,9.35907448152357e-05,4.09836274356476e-05
"OH",2023,1106.8,1809.8,11824034,707996200000,1,1,1,1,59877.720243362,9.36059554632539e-05,0.000153061129560351
"OH",2024,1106.8,3238,11883304,721997300000,1,1,1,1,60757.2860207902,9.31390798384018e-05,0.000272483141052354
"OK",2010,1532.93857072086,0,3759558,158086400000,0,0,0,1,42049.198336613,0.000407744360034043,0
"OK",2011,2068.89680437773,0,3786536,163859300000,0,0,0,1,43274.1957292892,0.000546382446747562,0
"OK",2012,3132.9,0,3815196,1.72016e+11,0,0,0,1,45087.0676106811,0.000821163578489808,0
"OK",2013,3132.9,0,3847936,176086800000,0,0,0,1,45761.3640143703,0.000814176743064334,0
"OK",2014,3779.5,0,3871400,186574400000,0,0,0,1,48193.0051144289,0.000976261817430387,0
"OK",2015,5012.1,2.5,3900900,193792600000,0,0,0,0,49678.9458842831,0.0012848573406137,6.40877746161142e-07
"OK",2016,6654.8,2.5,3916688,190093500000,0,0,0,0,48534.2462815522,0.00169908861773008,6.38294395673079e-07
"OK",2017,6908.4,20.5,3920316,192538600000,0,0,0,0,49113.0306842612,0.00176220488348388,5.22917030157773e-06
"OK",2018,8070.7,30.5,3928371,196030500000,0,0,0,0,49901.218596716,0.00205446481505947,7.76403247045658e-06
"OK",2019,8170.7,30.5,3943727,200072200000,0,0,0,0,50731.7570409919,0.00207182190856517,7.73380104657346e-06
"OK",2020,9321.5,40.5,3965415,1.91377e+11,0,0,0,0,48261.5312646974,0.00235069973760628,1.02133068039537e-05
"OK",2021,10412.5,42.5,3992238,194991200000,1,0,1,0,48842.5790245972,0.00260818618529256,1.06456578991533e-05
"OK",2022,11594.7,47.5,4026229,194170900000,1,0,1,0,48226.4918364057,0.0028797914872701,1.17976399255979e-05
"OK",2023,12245.9,47.5,4063882,207072700000,1,0,1,0,50954.4076328988,0.00301335028920623,1.16883315017513e-05
"OK",2024,12748.9,173.5,4095393,210315900000,1,0,1,0,51354.2656345801,0.00311298573787668,4.23646766012444e-05
"OR",2010,2033.62453404267,0,3837609,180738200000,0,0,0,1,47096.5645536062,0.000529919680207825,0
"OR",2011,2448.1405760927,0,3872651,185959400000,0,0,0,1,48018.6311650598,0.000632161425362807,0
"OR",2012,3161.4,0,3900064,187352400000,0,0,0,1,48038.2886024434,0.000810602082427365,0
"OR",2013,3161.4,10.7,3924055,189609700000,0,0,0,1,48319.8375150195,0.000805646200167939,2.72677115891597e-06
"OR",2014,3158.4,13.9,3965375,195808200000,0,0,0,1,49379.4912208808,0.000796494656873562,3.50534312643823e-06
"OR",2015,3158.4,18.9,4018453,205581800000,0,0,0,1,51159.4387193281,0.000785974104960292,4.70330248978898e-06
"OR",2016,3161.2,99.9,4093165,214769300000,0,1,1,1,52470.2278065995,0.000772311890676286,2.44065411484756e-05
"OR",2017,3211.2,224.5,4147171,225534500000,0,1,1,1,54382.7346400715,0.000774310970056455,5.41332874868193e-05
"OR",2018,3211.2,312.8,4183398,234308300000,0,1,1,1,56009.0863934056,0.000767605664103678,7.47717525322716e-05
"OR",2019,3426.2,400.7,4215959,239794800000,0,1,1,1,56877.8776074435,0.000812673937293982,9.50436187828202e-05
"OR",2020,3766.2,574.4,4243779,236651400000,0,1,1,1,55764.3081791017,0.000887463743988554,0.000135351063285812
"OR",2021,3772,718.8,4254280,250919900000,1,1,1,1,58980.5795575279,0.000886636516637363,0.000168959259851256
"OR",2022,3980.9,786.4,4247372,254237500000,1,1,1,1,59857.6013591463,0.000937261911600868,0.000185149782029923
"OR",2023,3980.9,1003.4,4253653,258023400000,1,1,1,1,60659.2498259731,0.000935877938327362,0.000235891362083367
"OR",2024,3980.9,1050.6,4272371,263347700000,1,1,1,1,61639.7077875493,0.000931777694399667,0.000245905610725286
"PA",2010,746.115542014594,0,12716596,666805800000,0,0,0,1,52435.8719896425,5.86725836076411e-05,0
"PA",2011,787.774249605055,0,12773059,676468300000,0,0,0,1,52960.5554941851,6.16746739841298e-05,0
"PA",2012,1344.1,0,12816003,6.89007e+11,0,0,0,1,53761.4574528424,0.000104876692054457,0
"PA",2013,1344.1,47.2,12847236,7.04195e+11,0,0,0,1,54812.9574330229,0.000104621725638106,3.67394200589138e-06
"PA",2014,1344.1,48.5,12880907,718691600000,0,0,0,1,55795.1082171465,0.00010434824193669,3.76526280331036e-06
"PA",2015,1333.7,48.5,12899169,734145100000,0,0,0,1,56914.1391976491,0.000103394257413016,3.75993213206215e-06
"PA",2016,1373.4,54.2,12918673,744847100000,0,0,0,1,57656.6261875349,0.000106311228715209,4.19547735282099e-06
"PA",2017,1373.4,55.2,12945701,7.54318e+11,0,0,0,1,58267.8373307092,0.000106089272415607,4.2639637668134e-06
"PA",2018,1373.4,59.7,12980946,763855400000,0,0,0,1,58844.3554113853,0.000105801225889084,4.59904848229089e-06
"PA",2019,1463.4,82.8,12991539,771852500000,1,0,1,1,59411.9372616285,0.000112642543735581,6.37337885834773e-06
"PA",2020,1463.4,150.8,12996143,738176100000,1,0,1,1,56799.628936062,0.000112602639106079,1.16034426521777e-05
"PA",2021,1463.4,156.8,13015571,7.6614e+11,1,0,1,1,58863.3414546315,0.000112434560112653,1.20471088052918e-05
"PA",2022,1463.4,177.9,12984990,776824700000,1,0,1,1,59824.8208123379,0.000112699355178556,1.37004341166223e-05
"PA",2023,1556,691.6,13017721,789918500000,1,0,1,1,60680.2450290646,0.000119529370770813,5.3127578936436e-05
"PA",2024,1556,876,13078751,803232500000,1,0,1,1,61415.0770207339,0.000118971605163215,6.69788728296762e-05
"RI",2010,0.349356804333108,0,1054975,56050600000,0,0,0,1,53129.7898054456,3.31151737560708e-07,0
"RI",2011,0.349356804333108,0,1058746,56026600000,0,0,0,1,52917.8858763103,3.29972254282999e-07,0
"RI",2012,3,0,1063756,56487400000,0,0,0,1,53101.839143563,2.82019560876742e-06,0
"RI",2013,3,6.9,1068358,57037200000,0,0,0,1,53387.722093156,2.80804748969915e-06,6.45850922630804e-06
"RI",2014,7.5,6.9,1073245,57602700000,0,0,0,1,53671.528868059,6.98815275170161e-06,6.42910053156549e-06
"RI",2015,7.5,10.2,1077555,58387900000,0,1,1,1,54185.5404132504,6.96020156743739e-06,9.46587413171485e-06
"RI",2016,51,10.2,1082431,5.863e+10,0,1,1,1,54165.1153745597,4.71161672198967e-05,9.42323344397934e-06
"RI",2017,52.5,18.7,1085105,58771600000,0,1,1,1,54162.131775266,4.83824146050382e-05,1.72333552974136e-05
"RI",2018,52.5,31.6,1091824,58740100000,1,1,1,1,53799.9714239658,4.80846729875877e-05,2.89423936458623e-05
"RI",2019,73.5,79.5,1094580,60157600000,1,1,1,1,54959.5278554331,6.71490434687277e-05,7.26305980376035e-05
"RI",2020,73.5,178.5,1096530,58132300000,1,1,1,1,53014.7829972732,6.70296298322891e-05,0.000162786243878416
"RI",2021,78,230.9,1097246,6.066e+10,1,1,1,1,55283.8652407938,7.10870670752046e-05,0.000210435945995702
"RI",2022,78,254.1,1099498,61517300000,1,1,1,1,55950.3518878616,7.09414660144902e-05,0.00023110546813182
"RI",2023,78,385.5,1103429,62119300000,1,1,1,1,56296.5990562148,7.06887348438368e-05,0.000349365477978193
"RI",2024,78,418.7,1112308,63459100000,1,1,1,1,57051.7338722728,7.01244619296094e-05,0.000376424515511891
"SC",2010,0,0,4633669,188777200000,0,0,0,0,40740.329099899,0,0
"SC",2011,0,0,4661744,1.93221e+11,0,0,0,0,41448.2219529858,0,0
"SC",2012,0,0,4699358,195406100000,0,0,0,0,41581.4458060016,0,0
"SC",2013,0,2.5,4738067,200147300000,0,0,0,0,42242.3954747791,0,5.27641335591075e-07
"SC",2014,0,2.5,4789723,206077900000,0,0,0,1,43025.0141814046,0,5.21950851855107e-07
"SC",2015,0,2.5,4850136,213212400000,0,0,0,1,43960.0868924088,0,5.15449463685142e-07
"SC",2016,0,19.3,4908404,220559300000,0,0,0,1,44935.0338725174,0,3.93203167465433e-06
"SC",2017,0,255.6,4963742,224937600000,0,0,0,1,45316.134480801,0,5.14934096091215e-05
"SC",2018,0,353,5019607,231663300000,0,1,1,1,46151.6807989151,0,7.03242305622731e-05
"SC",2019,0,658,5076874,239021300000,0,1,1,1,47080.4081409151,0,0.000129607313476758
"SC",2020,0,1098.8,5132249,233294400000,0,1,1,1,45456.5629999636,0,0.000214097172604057
"SC",2021,0,1138.9,5194274,2.45812e+11,0,1,1,1,47323.6490797366,0,0.000219260670499862
"SC",2022,0,1341.4,5287935,256608500000,1,1,1,1,48527.1660865725,0,0.00025367180194159
"SC",2023,0,1559.9,5387830,266037800000,1,1,1,1,49377.5416076602,0,0.000289522869132842
"SC",2024,0,1649.2,5478831,278032800000,1,1,1,1,50746.7377621248,0,0.000301013117579279
"SD",2010,715.516504905941,0,816068,44810700000,0,0,0,1,54910.4976546072,0.000876785396444832,0
"SD",2011,790.5,0,823113,47630300000,0,0,0,1,57866.0524132167,0.000960378465654169,0
"SD",2012,790.5,0,832730,48653900000,0,0,0,1,58426.9811343413,0.000949287283993611,0
"SD",2013,790.5,0,841120,48610100000,0,0,0,1,57792.1105193076,0.000939818337454822,0
"SD",2014,660,0,847538,49640900000,0,0,0,1,58570.7071541335,0.00077872614561235,0
"SD",2015,837.8,0,852029,50860800000,0,0,0,0,59693.742818613,0.0009832998642065,0
"SD",2016,837.8,1,860557,51264300000,0,0,0,0,59571.0685056307,0.000973555499519497,1.16203807533958e-06
"SD",2017,837.8,1,870094,51615100000,0,0,0,0,59321.2917225035,0.000962884469953821,1.14930110999501e-06
"SD",2018,877.8,1,875247,51937800000,1,0,1,0,59340.7346726124,0.00100291689088909,1.14253462165537e-06
"SD",2019,1374.6,1,882486,52510200000,1,0,1,0,59502.5870098789,0.00155764510711785,1.13316245243551e-06
"SD",2020,2150.4,1,887948,53349200000,1,0,1,0,60081.4462108141,0.00242176343659764,1.12619207431066e-06
"SD",2021,2758.7,1,896492,56015400000,1,0,1,0,62482.8777055456,0.00307721652842412,1.11545892210973e-06
"SD",2022,2758.7,1,909723,55257200000,1,0,1,0,60740.6870003287,0.00303246152949854,1.0992357014168e-06
"SD",2023,3156.1,81,918305,5.7253e+10,1,0,1,0,62346.3881825755,0.00343687554788442,8.82059882065327e-05
"SD",2024,3456.6,209,924669,5.7718e+10,1,0,1,0,62420.1741379888,0.00373820253517745,0.000226026826896976
"TN",2010,28.8,0,6356388,2.92687e+11,0,0,0,0,46046.119274028,4.53087508188613e-06,0
"TN",2011,28.8,0,6404657,301508900000,0,0,0,0,47076.5101081916,4.49672792781877e-06,0
"TN",2012,28.8,15.9,6463610,311754200000,0,0,0,0,48232.210792421,4.45571437633149e-06,2.45992564526634e-06
"TN",2013,28.8,15.9,6508290,318347900000,0,0,0,0,48914.2155619986,4.4251254937933e-06,2.44303803303172e-06
"TN",2014,28.8,47.5,6559452,323879600000,0,0,0,0,49376.0149475901,4.39061067906282e-06,7.24145858525987e-06
"TN",2015,28.8,47.5,6613679,335461100000,0,0,0,0,50722.313556494,4.35461110223221e-06,7.18208428319548e-06
"TN",2016,28.8,72.6,6673101,343544900000,0,0,0,0,51482.0471022393,4.31583457226258e-06,1.08794996509119e-05
"TN",2017,28.8,91.6,6740060,355417500000,0,1,1,0,52732.0973403798,4.27295899443032e-06,1.35903834683964e-05
"TN",2018,28.8,180.6,6806981,362363700000,0,1,1,0,53234.1283162095,4.23095054914947e-06,2.65315857352915e-05
"TN",2019,28.8,183.5,6862615,370197400000,0,1,1,0,53944.0723397714,4.19665098508367e-06,2.67390783250991e-05
"TN",2020,28.8,185.2,6927904,3.68057e+11,0,1,1,0,53126.7465599985,4.15710148408523e-06,2.67324720434925e-05
"TN",2021,28.8,194,6965740,401673700000,0,1,1,0,57664.1821256607,4.13452124253848e-06,2.78505944809884e-05
"TN",2022,28.8,362.7,7062217,415451600000,0,1,1,0,58827.3625690063,4.07803951648611e-06,5.1357810160747e-05
"TN",2023,28.8,576.3,7148304,428276100000,1,1,1,0,59912.9667680613,4.02892770089241e-06,8.06205220147324e-05
"TN",2024,1.8,593.6,7227750,440200200000,1,1,1,0,60904.1817993151,2.49040157725433e-07,8.21279097921206e-05
"TX",2010,9667.89643169927,14.1792,25238386,1323059100000,0,0,0,1,52422.492468417,0.000383063181286603,5.61810886005151e-07
"TX",2011,9981.9302508365,44.5632,25627909,1370174900000,0,0,0,1,53464.1706430283,0.000389494525317555,1.73885430918301e-06
"TX",2012,12158.1641553075,74.9472,26052403,1438354400000,0,0,0,1,55210.0472267376,0.000466681102518932,2.87678645229003e-06
"TX",2013,12328,126.6,26433846,1511806500000,0,0,0,1,57192.074887627,0.000466371787139866,4.78931442666345e-06
"TX",2014,14000.2,186.6,26903208,1559636100000,0,0,0,1,57972.1236218372,0.000520391471530087,6.93597581373939e-06
"TX",2015,17664,318.8,27394564,1634127100000,0,0,0,1,59651.509693675,0.00064479945729379,1.16373452776982e-05
"TX",2016,20187.8,584.8,27825975,1633863300000,0,0,0,1,58717.1985887287,0.000725501981511879,2.10163345579086e-05
"TX",2017,22583.3,1234.5,28188852,1.667313e+12,0,1,1,1,59147.9567880239,0.000801142948283243,4.37939083152446e-05
"TX",2018,24187.3,1943.1,28508309,1746543300000,0,1,1,1,61264.3598047152,0.000848429838472706,6.81590760083315e-05
"TX",2019,28064.2,2444.2,28856455,1806736100000,0,1,1,1,62611.1592709499,0.000972544964376255,8.47020190109977e-05
"TX",2020,30108.1,4879.5,29239570,1782738200000,1,1,1,1,60970.0553051909,0.00102970392519452,0.000166880019097408
"TX",2021,34371,8837.7,29570351,1905512400000,1,1,1,1,64439.965558745,0.00116234670329074,0.000298870311008483
"TX",2022,39334.8,11372.6,30113488,1.975164e+12,1,1,1,1,65590.674849755,0.00130621866188334,0.000377658011586037
"TX",2023,40303.7,15064.3,30727890,2137536700000,1,1,1,1,69563.4064037589,0.00131163252667202,0.000490248435541783
"TX",2024,42282.9,22465.6,31290831,2221943300000,1,1,1,1,71009.4052791375,0.00135128721893004,0.00071796111774724
"UT",2010,223.144434414064,0,2776212,133739100000,0,0,0,1,48173.2302864479,8.03773034674817e-05,0
"UT",2011,324.4,0,2818798,138301100000,0,0,0,1,49063.8562961943,0.000115084514747066,0
"UT",2012,324.4,0,2861360,140622500000,0,0,0,1,49145.3364833506,0.00011337266195096,0
"UT",2013,324.4,1.3,2909190,145026900000,0,0,0,1,49851.2988151341,0.000111508701734847,4.46859778838783e-07
"UT",2014,324.4,1.3,2951948,150076300000,0,1,1,1,50839.7505647118,0.000109893534709961,4.40387161291459e-07
"UT",2015,324.4,166.4,3000449,155431500000,0,1,1,1,51802.746855554,0.000108117151799614,5.54583663978291e-05
"UT",2016,388.2,855.8,3064277,162528200000,0,1,1,1,53039.6566628931,0.000126685674956931,0.000279282845512987
"UT",2017,388.2,857.1,3126779,1.72075e+11,0,1,1,1,55032.6710010525,0.000124153321996854,0.00027411595127126
"UT",2018,388.2,859.1,3181595,1.82106e+11,0,1,1,1,57237.3290755109,0.000122014272715415,0.000270021797243207
"UT",2019,388.2,916.7,3233028,192760600000,0,1,1,1,59622.3107254252,0.000120073194540845,0.00028354223965892
"UT",2020,389.7,1195.7,3284077,195323200000,0,1,1,1,59475.8283682143,0.000118663478353279,0.000364090123343637
"UT",2021,389.7,1457.2,3339738,211289500000,0,1,1,1,63265.2920678209,0.000116685799904064,0.000436321651578657
"UT",2022,389.7,1542.7,3391011,217848800000,0,1,1,1,64243.0236882157,0.000114921479169487,0.000454938070091781
"UT",2023,389.7,1632.3,3443222,226322100000,0,1,1,1,65729.7438271479,0.00011317887722604,0.000474061794447178
"UT",2024,389.7,2200.7,3503613,234300600000,0,1,1,1,66873.9955012155,0.000111228038028173,0.000628123026144725
"VA",2010,0,0,8025105,475699300000,0,0,0,0,59276.3957605539,0,0
"VA",2011,0,0,8107953,479571400000,0,0,0,0,59148.2708397545,0,0
"VA",2012,0,0,8197400,483041400000,0,0,0,0,58926.1717129822,0,0
"VA",2013,0,0,8270221,488741300000,0,0,0,0,59096.5223299353,0,0
"VA",2014,0,0,8334206,488918600000,0,0,0,0,58664.0886966317,0,0
"VA",2015,0,0,8390494,498943600000,0,0,0,0,59465.3425650504,0,0
"VA",2016,0,139,8445270,505107700000,0,0,0,0,59809.5383569738,0,1.64589172400646e-05
"VA",2017,0,406,8503046,515167200000,0,0,0,0,60586.1946413085,0,4.77475953911104e-05
"VA",2018,0,462,8547370,527767500000,1,0,1,0,61746.1862537833,0,5.40517141530085e-05
"VA",2019,0,625.6,8597508,5.41028e+11,1,0,1,0,62928.4671790942,0,7.27652710529609e-05
"VA",2020,0,1301,8637615,535224400000,1,1,1,1,61964.3732673892,0,0.000150620281177154
"VA",2021,12,2203.1,8658910,565790700000,1,1,1,1,65342.023418652,1.3858557254897e-06,0.000254431562402196
"VA",2022,12,2848.7,8683414,579301800000,1,1,1,1,66713.59905217,1.38194493548275e-06,0.000328062211475809
"VA",2023,12,3669.4,8734685,5.99261e+11,1,1,1,1,68607.0533739912,1.37383317200334e-06,0.000420095286779088
"VA",2024,12,4690.7,8811195,613708700000,1,1,1,1,69651.0178244835,1.36190380532947e-06,0.000532356848304912
"VT",2010,6.57608695652174,0,626366,30890600000,0,0,0,1,49317.1723880287,1.04987929685228e-05,0
"VT",2011,47.0443143812709,0,629600,31663600000,0,0,0,1,50291.6137229987,7.47209567682194e-05,0
"VT",2012,120.898829431438,0,630693,31898100000,0,0,0,1,50576.2708639544,0.000191692042612552,0
"VT",2013,121,12.3,632859,31494600000,0,0,0,1,49765.5875953411,0.000191195827190575,1.94356088797031e-05
"VT",2014,121,30.3,633872,31847700000,0,0,0,1,50243.1090188555,0.000190890274377161,4.78014488729586e-05
"VT",2015,121,32.5,635912,32042900000,0,1,1,1,50388.8902867063,0.000190277900086804,5.11077004365384e-05
"VT",2016,121,66,636397,32312700000,0,1,1,1,50774.4379687522,0.000190132888747119,0.000103708848407519
"VT",2017,151,74.3,639087,32589200000,0,1,1,1,50993.3702297183,0.00023627456042761,0.00011625960158789
"VT",2018,151,100.6,640680,32827800000,0,1,1,1,51238.9960666792,0.00023568708247487,0.000157020665542861
"VT",2019,151,121.6,641847,33339400000,0,1,1,1,51942.9085124648,0.000235258558503818,0.000189453249762015
"VT",2020,151,123.8,642977,32408700000,0,1,1,1,50404.1357622434,0.000234845103324069,0.000192541879414038
"VT",2021,151,133.8,647210,33584300000,0,1,1,1,51890.8854931166,0.000233309126867632,0.000206733517714498
"VT",2022,151,139.3,648142,34915900000,0,1,1,1,53870.7567168923,0.000232973638492799,0.000214922038689053
"VT",2023,151,146.5,648708,35499400000,0,1,1,1,54723.2344907108,0.000232770368177978,0.000225833502901151
"VT",2024,151,155.5,648493,36398900000,0,1,1,1,56128.4393200852,0.000232847540374376,0.00023978670548487
"WA",2010,2215.01201639719,0,6743680,403471300000,0,0,0,1,59829.5441064819,0.00032845746186017,0
"WA",2011,2578.41087985362,0,6830840,411575700000,0,0,0,1,60252.5750859338,0.000377466150554488,0
"WA",2012,2811,0,6904658,4.26447e+11,0,0,0,1,61762.2190700828,0.000407116471228553,0
"WA",2013,2811,0.5,6975001,439472200000,0,0,0,1,63006.7579918627,0.000403010694908861,7.16845775362613e-08
"WA",2014,3077.8,0.5,7068971,456186500000,0,0,0,1,64533.6499470715,0.000435395759863777,7.07316524569135e-08
"WA",2015,3077.8,0.5,7181417,476715400000,0,1,1,1,66381.8018087517,0.000428578371093059,6.96241424220318e-08
"WA",2016,3074,0.5,7316788,495724900000,0,1,1,1,67751.7101766513,0.000420129707188455,6.83359966149081e-08
"WA",2017,3074,0.5,7447469,527169400000,0,1,1,1,70785.0411999029,0.000412757676466998,6.71369024832463e-08
"WA",2018,3074,19.7,7549002,561785700000,0,1,1,1,74418.5390333716,0.000407206144600306,2.60961647645609e-06
"WA",2019,3083.4,19.7,7638923,588794400000,0,1,1,1,77078.1954471854,0.000403643288458334,2.57889757495919e-06
"WA",2020,3386.8,23.4,7727209,587167800000,0,1,1,1,75987.047846124,0.000438295379353658,3.02826026835821e-06
"WA",2021,3386.8,23.4,7743760,626122200000,0,1,1,1,80855.0626569005,0.000437358595824251,3.0217878653264e-06
"WA",2022,3386.8,188.4,7794123,643017600000,0,1,1,1,82500.3146601613,0.000434532531755016,2.41720588705105e-05
"WA",2023,3386.8,188.4,7857320,670977800000,0,1,1,1,85395.2492707437,0.000431037554789674,2.39776412313613e-05
"WA",2024,3386.8,268.4,7958180,702232300000,0,1,1,1,88240.3137400762,0.000425574691700866,3.37263042554956e-05
"WI",2010,455.310518223324,0,5692038,287652900000,0,0,0,1,50536.0118818602,7.99907727642233e-05,0
"WI",2011,616.581051822332,0,5713359,2.93664e+11,0,0,0,1,51399.5357197053,0.000107919185862875,0
"WI",2012,634.5,0,5734379,299007600000,0,0,0,1,52142.9783416827,0.000110648424179846,0
"WI",2013,634.5,0,5757584,301550500000,0,0,0,1,52374.4855481049,0.000110202473815406,0
"WI",2014,637.5,1,5778789,309425800000,0,0,0,1,53545.0939634584,0.000110317230824659,1.730466365877e-07
"WI",2015,637.5,1,5794536,315687800000,0,0,0,0,54480.2551921327,0.000110017437116622,1.72576371947642e-07
"WI",2016,637.5,3.1,5812814,319272300000,0,0,0,0,54925.6005783085,0.000109671494735596,5.33304523420154e-07
"WI",2017,735.5,18.4,5836809,321886800000,0,0,0,0,55147.7356891411,0.000126010633549941,3.15240741987617e-06
"WI",2018,736.2,23.9,5859000,328832400000,0,0,0,0,56124.3215565796,0.000125652841781874,4.07919440177505e-06
"WI",2019,734.8,40.4,5880280,333256800000,0,1,1,0,56673.6277864319,0.000124960035916657,6.87042113640847e-06
"WI",2020,734.8,208.2,5897375,324014400000,0,1,1,0,54942.1395112232,0.000124597808346934,3.53038428114203e-05
"WI",2021,734.8,502.5,5881608,334848600000,1,1,1,0,56931.471801589,0.000124931821365858,8.54358195921932e-05
"WI",2022,734.8,773.7,5903975,341875200000,1,1,1,0,57905.9362548114,0.000124458521589268,0.000131047302876452
"WI",2023,826.4,1651,5930405,347108200000,1,1,1,0,58530.2690119815,0.000139349673420281,0.000278395826254699
"WI",2024,826.4,2109.4,5960975,354382100000,1,1,1,0,59450.3583725817,0.00013863503873108,0.00035386828497016
"WV",2010,428.297202797203,0,1854404,71823800000,0,0,0,1,38731.4738320237,0.000230962186663318,0
"WV",2011,564.198243220194,0,1857305,73175200000,0,0,0,1,39398.5909691731,0.000303772532362856,0
"WV",2012,583.3,0,1858706,73124500000,0,0,0,1,39341.6172326339,0.000313820475104723,0
"WV",2013,583.3,0,1856588,7.3949e+10,0,0,0,1,39830.5924631636,0.000314178482248081,0
"WV",2014,583.3,0,1852948,74111300000,0,0,0,1,39996.4273147439,0.000314795666149293,0
"WV",2015,583.3,0,1846270,74261400000,0,0,0,0,40222.3943410227,0.000315934289134309,0
"WV",2016,686.3,0,1835935,73513300000,0,0,0,0,40041.3413328903,0.000373814977109756,0
"WV",2017,686.3,0,1822742,75172400000,0,0,0,0,41241.3824885804,0.000376520648561343,0
"WV",2018,686.3,0,1810572,77406500000,0,0,0,0,42752.5113610505,0.000379051482073069,0
"WV",2019,686.3,0,1800441,77162200000,0,0,0,0,42857.3888286259,0.000381184387602815,0
"WV",2020,742.5,0,1791646,74729600000,0,0,0,0,41710.0253063384,0.00041442338497672,0
"WV",2021,741,0,1785618,76230800000,0,1,1,0,42691.5499283721,0.000414982375849706,0
"WV",2022,856,0,1774122,77549100000,0,1,1,0,43711.2554829938,0.000482492184866655,0
"WV",2023,856,0,1770495,80364900000,0,1,1,0,45391.2041547703,0.000483480608530383,0
"WV",2024,856,140.4,1769979,82716500000,0,1,1,0,46733.0403355068,0.00048362155709192,7.93229750183477e-05
"WY",2010,1433,0,564402,39135800000,0,0,0,0,69340.2929117898,0.00253897045014015,0
"WY",2011,1433,0,566844,38929800000,0,0,0,0,68678.1548362512,0.00252803240397711,0
"WY",2012,1433,0,575491,3.8085e+10,0,0,0,0,66178.2721189384,0.00249004762889428,0
"WY",2013,1433,0,580937,38408700000,0,0,0,0,66115.0864895849,0.00246670465127888,0
"WY",2014,1433,0,580959,39287200000,0,0,0,0,67624.7377181522,0.00246661124106865,0
"WY",2015,1433,0,583671,40063900000,0,0,0,0,68641.2379576851,0.00245515024731398,0
"WY",2016,1487.3,0,582007,37853500000,0,0,0,0,65039.5957436938,0.00255546754592299,0
"WY",2017,1487.3,0,576240,37620300000,0,0,0,0,65285.8184089963,0.00258104262113008,0
"WY",2018,1487.3,92,574783,37977200000,0,0,0,0,66072.2394364482,0.00258758522781641,0.00016006040540517
"WY",2019,1589.3,92,575327,38577100000,0,0,0,0,67052.4762439448,0.00276242901862767,0.0001599090604126
"WY",2020,2608.3,92,577681,36463500000,0,0,0,0,63120.4765259719,0.00451512166749469,0.000159257444852782
"WY",2021,3130,92,579636,37182600000,0,0,0,0,64148.1895534439,0.00539994065240944,0.000158720300326412
"WY",2022,3130,92,581978,37690600000,0,0,0,0,64762.9291828901,0.00537821017289313,0.000158081576966827
"WY",2023,3229.1,92,585067,39843200000,0,0,0,0,68100.2346739775,0.00551919694667448,0.000157246947785467
"WY",2024,3727,242,587618,39780700000,0,0,0,0,67698.232525212,0.00634255587813852,0.000411832176686215
